{
  "test_window_months": 24,
  "models": {
    "naive": {
      "mae": 0.45375000000000004,
      "rmse": 0.6796843630195808,
      "smape": 122.01432687084
    },
    "arima(0,0,1)": {
      "mae": 0.387571561473385,
      "rmse": 0.5211350856333123,
      "smape": 108.9697454231404
    },
    "lstm": {
      "mae": 0.7236892036596934,
      "rmse": 0.7685283035463658,
      "smape": 119.8431577112338
    },
    "prophet": {
      "mae": 0.19620834070956597,
      "rmse": 0.2865064373035427,
      "smape": 85.21265123188128
    },
    "ensemble": {
      "mae": 0.2590249277603511,
      "rmse": 0.3117503235413311,
      "smape": 79.97662612008808
    }
  },
  "weights": {
    "lstm": 0.2,
    "arima": 0.3,
    "prophet": 0.5
  },
  "best_model": "individual"
}